{
  "timestamp": "2025-10-15T22:00:49.221225",
  "checkpoint": "checkpoints/checkpoint_35000.npz",
  "config": {
    "n_layers": 8,
    "n_heads": 8,
    "d_model": 384,
    "d_ff": 1536,
    "context_length": 512,
    "vocab_size": 50257,
    "dropout": 0.1,
    "batch_size": 12,
    "learning_rate": 0.0003,
    "weight_decay": 0.1,
    "max_iters": 30000,
    "warmup_iters": 2000,
    "lr_decay_iters": 30000,
    "min_lr": 3e-05,
    "eval_interval": 500,
    "eval_iters": 50,
    "save_interval": 1000,
    "checkpoint_dir": "checkpoints",
    "dataset_name": "finewebedu",
    "max_tokens": 10000000,
    "train_split": 0.9,
    "seed": 42
  },
  "checkpoint_iteration": 35000,
  "checkpoint_loss": 3.4639759063720703,
  "memory": {
    "total_parameters": 52990464,
    "param_memory_mb_fp32": 202.142578125,
    "param_memory_mb_fp16": 101.0712890625,
    "activation_memory_mb": 1687.265625,
    "backward_memory_mb": 3374.53125,
    "per_layer_memory_mb": 112.0
  },
  "throughput": {
    "avg_latency_ms": 148.67487907409668,
    "std_latency_ms": 1.7571701029626523,
    "p50_latency_ms": 147.91035652160645,
    "p95_latency_ms": 152.60236263275146,
    "p99_latency_ms": 154.83259916305542,
    "tokens_per_second": 27550.04763083502,
    "batches_per_second": 6.726085847371831
  },
  "generation": {
    "avg_generation_latency_s": 0.5986235618591309,
    "generation_tokens_per_second": 167.04988973276025
  },
  "perplexity_validation": {
    "perplexity": 824.4836085064873,
    "loss": 6.714757261276245,
    "tokens": 409600,
    "batches": 100,
    "time": 15.899280786514282
  },
  "benchmark_time_seconds": 32.48177623748779
}